-- Inserción de departamentos
INSERT INTO DEPARTAMENTO (IDDEPARTAMENTO, NOMBREDEPARTAMENTO) VALUES
(1, 'Ahuachapán'),
(2, 'Santa Ana'),
(3, 'Sonsonate'),
(4, 'Chalatenango'),
(5, 'La Libertad'),
(6, 'San Salvador'),
(7, 'Cuscatlán'),
(8, 'La Paz'),
(9, 'Cabañas'),
(10, 'San Vicente'),
(11, 'Usulután'),
(12, 'San Miguel'),
(13, 'Morazán'),
(14, 'La Unión');

-- Inserción de municipios de El Salvador (1-44)
INSERT INTO MUNICIPIO (IDMUNICIPIO, IDDEPARTAMENTO, NOMBREMUNICIPIO) VALUES
(1, 1, 'Ahuachapán Norte'),
(2, 1, 'Ahuachapán Centro'),
(3, 1, 'Ahuachapán Sur'),
(4, 2, 'Santa Ana Norte'),
(5, 2, 'Santa Ana Centro'),
(6, 2, 'Santa Ana Este'),
(7, 2, 'Santa Ana Oeste'),
(8, 3, 'Sonsonate Norte'),
(9, 3, 'Sonsonate Centro'),
(10, 3, 'Sonsonate Este'),
(11, 3, 'Sonsonate Oeste'),
(12, 4, 'Chalatenango Norte'),
(13, 4, 'Chalatenango Centro'),
(14, 4, 'Chalatenango Sur'),
(15, 5, 'La Libertad Norte'),
(16, 5, 'La Libertad Centro'),
(17, 5, 'La Libertad Sur'),
(18, 5, 'La Libertad Este'),
(19, 5, 'La Libertad Oeste'),
(20, 5, 'La Libertad Costa'),
(21, 6, 'San Salvador Norte'),
(22, 6, 'San Salvador Centro'),
(23, 6, 'San Salvador Sur'),
(24, 6, 'San Salvador Este'),
(25, 6, 'San Salvador Oeste'),
(26, 7, 'Cuscatlán Norte'),
(27, 7, 'Cuscatlán Sur'),
(28, 8, 'La Paz Oeste'),
(29, 8, 'La Paz Centro'),
(30, 8, 'La Paz Este'),
(31, 9, 'Cabañas Oeste'),
(32, 9, 'Cabañas Este'),
(33, 10, 'San Vicente Norte'),
(34, 10, 'San Vicente Sur'),
(35, 11, 'Usulután Norte'),
(36, 11, 'Usulután Centro'),
(37, 11, 'Usulután Sur'),
(38, 12, 'San Miguel Norte'),
(39, 12, 'San Miguel Centro'),
(40, 12, 'San Miguel Sur'),
(41, 13, 'Morazán Norte'),
(42, 13, 'Morazán Sur'),
(43, 14, 'La Unión Norte'),
(44, 14, 'La Unión Sur');

-- Inserción de distritos de El Salvador (1-100)
INSERT INTO DISTRITO (IDDISTRITO, IDMUNICIPIO, NOMBREDISTRITO) VALUES
(1, 1, 'Atiquizaya'),
(2, 1, 'El Refugio'),
(3, 1, 'San Lorenzo'),
(4, 1, 'Turín'),
(5, 2, 'Ahuachapán'),
(6, 2, 'Apaneca'),
(7, 2, 'Concepción de Ataco'),
(8, 2, 'Tacuba'),
(9, 3, 'Guaymango'),
(10, 3, 'Jujutla'),
(11, 3, 'San Francisco Menéndez'),
(12, 3, 'San Pedro Puxtla'),
(13, 4, 'Candelaria de la Frontera'),
(14, 4, 'Chalchuapa'),
(15, 4, 'El Porvenir'),
(16, 4, 'San Antonio Pajonal'),
(17, 4, 'San Sebastián Salitrillo'),
(18, 4, 'Santiago de la Frontera'),
(19, 5, 'Coatepeque'),
(20, 5, 'El Congo'),
(21, 6, 'Masahuat'),
(22, 6, 'Metapán'),
(23, 6, 'Santa Rosa Guachipilín'),
(24, 6, 'Texistepeque'),
(25, 7, 'Agua Caliente'),
(26, 7, 'Dulce Nombre de María'),
(27, 7, 'El Paraíso'),
(28, 7, 'La Reina'),
(29, 7, 'Nueva Concepción'),
(30, 7, 'San Fernando'),
(31, 7, 'San Francisco Morazán'),
(32, 7, 'San Rafael'),
(33, 7, 'Santa Rita'),
(34, 7, 'Tejutla'),
(35, 8, 'Arcatao'),
(36, 8, 'Azacualpa'),
(37, 8, 'Chalatenango'),
(38, 8, 'Comalapa'),
(39, 8, 'Concepción Quezaltepeque'),
(40, 8, 'El Carrizal'),
(41, 8, 'La Laguna'),
(42, 8, 'Las Flores'),
(43, 8, 'Las Vueltas'),
(44, 8, 'Nombre de Jesús'),
(45, 8, 'Nueva Trinidad'),
(46, 8, 'Ojos de Agua'),
(47, 8, 'Potonico'),
(48, 8, 'San Antonio de la Cruz'),
(49, 8, 'San Antonio Los Ranchos'),
(50, 8, 'San Francisco Lempa'),
(51, 8, 'San Isidro Labrador'),
(52, 8, 'San José Cancasque'),
(53, 8, 'San Luis del Carmen'),
(54, 8, 'San Miguel de Mercedes'),
(55, 9, 'La Palma'),
(56, 9, 'Citalá'),
(57, 9, 'San Ignacio'),
(58, 10, 'Cinquera'),
(59, 10, 'Ilobasco'),
(60, 10, 'Jutiapa'),
(61, 10, 'Sensuntepeque'),
(62, 10, 'Tejutepeque'),
(63, 11, 'Dolores'),
(64, 11, 'Guacotecti'),
(65, 11, 'San Isidro'),
(66, 11, 'Victoria'),
(67, 12, 'Cojutepeque'),
(68, 12, 'El Carmen'),
(69, 12, 'El Rosario'),
(70, 12, 'Monte San Juan'),
(71, 12, 'Oratorio de Concepción'),
(72, 12, 'San Bartolomé Perulapía'),
(73, 12, 'San Cristóbal'),
(74, 12, 'San Pedro Perulapán'),
(75, 12, 'San Rafael Cedros'),
(76, 12, 'San Ramón'),
(77, 12, 'Santa Cruz Analquito'),
(78, 12, 'Santa Cruz Michapa'),
(79, 12, 'Suchitoto'),
(80, 12, 'Tenancingo'),
(81, 13, 'Candelaria'),
(82, 13, 'Cojutepeque'),
(83, 13, 'El Carmen'),
(84, 13, 'El Rosario'),
(85, 13, 'Monte San Juan'),
(86, 13, 'Oratorio de Concepción'),
(87, 13, 'San Bartolomé Perulapía'),
(88, 13, 'San Cristóbal'),
(89, 13, 'San Pedro Perulapán'),
(90, 13, 'San Rafael Cedros'),
(91, 13, 'San Ramón'),
(92, 13, 'Santa Cruz Analquito'),
(93, 13, 'Santa Cruz Michapa'),
(94, 13, 'Suchitoto'),
(95, 13, 'Tenancingo'),
(96, 14, 'Antiguo Cuscatlán'),
(97, 14, 'Huizúcar'),
(98, 14, 'Nuevo Cuscatlán'),
(99, 14, 'San José Villanueva'),
(100, 14, 'Zaragoza');

-- Inserción de distritos de El Salvador (101-150)
INSERT INTO DISTRITO (IDDISTRITO, IDMUNICIPIO, NOMBREDISTRITO) VALUES
(101, 14, 'La Libertad'),
(102, 14, 'Tamanique'),
(103, 14, 'Teotepeque'),
(104, 14, 'Chiltiupán'),
(105, 14, 'Jicalapa'),
(106, 15, 'Comasagua'),
(107, 15, 'Santa Tecla'),
(108, 16, 'Quezaltepeque'),
(109, 16, 'San Matías'),
(110, 16, 'San Pablo Tacachico'),
(111, 17, 'Ciudad Arce'),
(112, 17, 'San Juan Opico'),
(113, 18, 'Colón'),
(114, 18, 'Jayaque'),
(115, 18, 'Sacacoyo'),
(116, 18, 'Talnique'),
(117, 18, 'Tepecoyo'),
(118, 19, 'Antiguo Cuscatlán'),
(119, 19, 'Huizúcar'),
(120, 19, 'Nuevo Cuscatlán'),
(121, 19, 'San José Villanueva'),
(122, 19, 'Zaragoza'),
(123, 20, 'Cuyultitán'),
(124, 20, 'Olocuilta'),
(125, 20, 'San Francisco Chinameca'),
(126, 20, 'San Juan Talpa'),
(127, 20, 'San Luis Talpa'),
(128, 20, 'San Pedro Masahuat'),
(129, 20, 'Tapalhuaca'),
(130, 21, 'El Rosario'),
(131, 21, 'Jerusalén'),
(132, 21, 'Mercedes La Ceiba'),
(133, 21, 'Paraíso de Osorio'),
(134, 21, 'San Antonio Masahuat'),
(135, 21, 'San Emigdio'),
(136, 21, 'San Juan Tepezontes'),
(137, 21, 'San Luis La Herradura'),
(138, 21, 'San Miguel Tepezontes'),
(139, 21, 'San Pedro Nonualco'),
(140, 21, 'Santa María Ostuma'),
(141, 21, 'Santiago Nonualco'),
(142, 22, 'San Juan Nonualco'),
(143, 22, 'San Rafael Obrajuelo'),
(144, 22, 'Zacatecoluca'),
(145, 23, 'Anamorós'),
(146, 23, 'Bolívar'),
(147, 23, 'Concepción de Oriente'),
(148, 23, 'El Sauce'),
(149, 23, 'Lislique'),
(150, 23, 'Nueva Esparta');

-- Inserción de distritos de El Salvador (151-200)
INSERT INTO DISTRITO (IDDISTRITO, IDMUNICIPIO, NOMBREDISTRITO) VALUES
(151, 23, 'Pasaquina'),
(152, 23, 'Polorós'),
(153, 23, 'San José'),
(154, 23, 'Santa Rosa de Lima'),
(155, 24, 'Conchagua'),
(156, 24, 'El Carmen'),
(157, 24, 'Intipucá'),
(158, 24, 'La Unión'),
(159, 24, 'Meanguera del Golfo'),
(160, 24, 'San Alejo'),
(161, 24, 'Yayantique'),
(162, 24, 'Yucuaiquín'),
(163, 25, 'Arambala'),
(164, 25, 'Cacaopera'),
(165, 25, 'Corinto'),
(166, 25, 'El Rosario'),
(167, 25, 'Joateca'),
(168, 25, 'Jocoaitique'),
(169, 25, 'Meanguera'),
(170, 25, 'Perquín'),
(171, 25, 'San Fernando'),
(172, 25, 'San Isidro'),
(173, 25, 'Torola'),
(174, 26, 'Chilanga'),
(175, 26, 'Delicias de Concepción'),
(176, 26, 'El Divisadero'),
(177, 26, 'Gualococti'),
(178, 26, 'Guatajiagua'),
(179, 26, 'Jocoro'),
(180, 26, 'Lolotiquillo'),
(181, 26, 'Osicala'),
(182, 26, 'San Carlos'),
(183, 26, 'San Francisco Gotera'),
(184, 26, 'San Simón'),
(185, 26, 'Sensembra'),
(186, 26, 'Sociedad'),
(187, 26, 'Yamabal'),
(188, 26, 'Yoloaiquín'),
(189, 27, 'Carolina'),
(190, 27, 'Chapeltique'),
(191, 27, 'Ciudad Barrios'),
(192, 27, 'Nuevo Edén de San Juan'),
(193, 27, 'San Antonio'),
(194, 27, 'San Gerardo'),
(195, 27, 'San Luis de la Reina'),
(196, 27, 'Sesori'),
(197, 28, 'Chirilagua'),
(198, 28, 'Comacarán'),
(199, 28, 'Moncagua'),
(200, 28, 'Quelepa');

-- Inserción de distritos de El Salvador (201-262)
INSERT INTO DISTRITO (IDDISTRITO, IDMUNICIPIO, NOMBREDISTRITO) VALUES
(201, 28, 'San Antonio del Mosco'),
(202, 28, 'San Miguel'),
(203, 28, 'Uluazapa'),
(204, 29, 'Alegría'),
(205, 29, 'Berlín'),
(206, 29, 'California'),
(207, 29, 'El Triunfo'),
(208, 29, 'Estanzuelas'),
(209, 29, 'Mercedes Umaña'),
(210, 29, 'Nueva Granada'),
(211, 29, 'Santiago de María'),
(212, 29, 'Tecapán'),
(213, 30, 'Concepción Batres'),
(214, 30, 'Ereguayquín'),
(215, 30, 'Jiquilisco'),
(216, 30, 'Jucuapa'),
(217, 30, 'Jucuarán'),
(218, 30, 'Ozatlán'),
(219, 30, 'Puerto El Triunfo'),
(220, 30, 'San Agustín'),
(221, 30, 'San Buenaventura'),
(222, 30, 'San Dionisio'),
(223, 30, 'San Francisco Javier'),
(224, 30, 'Santa Elena'),
(225, 30, 'Santa María'),
(226, 30, 'Santiago de María'),
(227, 31, 'Apastepeque'),
(228, 31, 'San Cayetano Istepeque'),
(229, 31, 'San Esteban Catarina'),
(230, 31, 'San Ildefonso'),
(231, 31, 'San Lorenzo'),
(232, 31, 'San Sebastián'),
(233, 31, 'San Vicente'),
(234, 31, 'Santa Clara'),
(235, 31, 'Santo Domingo'),
(236, 31, 'Tecoluca'),
(237, 31, 'Tepetitán'),
(238, 31, 'Verapaz'),
(239, 32, 'Guadalupe'),
(240, 32, 'San Emigdio'),
(241, 32, 'San Juan Nonualco'),
(242, 32, 'San Pedro Nonualco'),
(243, 32, 'San Rafael Obrajuelo'),
(244, 32, 'Santa María Ostuma'),
(245, 32, 'Santiago Nonualco'),
(246, 32, 'Zacatecoluca'),
(247, 33, 'Acajutla'),
(248, 33, 'Armenia'),
(249, 33, 'Caluco'),
(250, 33, 'Cuisnahuat'),
(251, 33, 'Izalco'),
(252, 33, 'Juayúa'),
(253, 33, 'Nahuizalco'),
(254, 33, 'Nahulingo'),
(255, 33, 'Salcoatitán'),
(256, 33, 'San Antonio del Monte'),
(257, 33, 'San Julián'),
(258, 33, 'Santa Catarina Masahuat'),
(259, 33, 'Santa Isabel Ishuatán'),
(260, 33, 'Santo Domingo de Guzmán'),
(261, 33, 'Sonsonate'),
(262, 33, 'Sonzacate');
